filename|document_id|has_extracted_metadata|abstract|author_surnames|authors|document_type|doi|extraction_method|file_path|harvard_citation|keywords|language|llm_extracted|original_filename|publication_date|publisher|source_url|title|uploaded_via
Product design_ Fundamentals and methods_ N_F_M_ Roozenburg -- J_A_ Stoop -- Safety Science, #3, 24, pages 233-236, 1996 dec -- Elsevier Science; -- 10_1016_s0925-7535(97)81485-3.pdf|7893ada7-0c39-48b2-b413-e600b5e14a3f|Yes||Roozenburg; Eekels|N.F.M. Roozenburg; J. Eekels|book||llm_analysis|/home/appuser/app/uploads/339c76c7-4ab1-41f2-97e6-2721058d536b.pdf||product design; design methodology; product development; design process; innovation|English|True|Product design_ Fundamentals and methods_ N_F_M_ Roozenburg -- J_A_ Stoop -- Safety Science, #3, 24, pages 233-236, 1996 dec -- Elsevier Science; -- 10_1016_s0925-7535(97)81485-3.pdf|1995|Wiley||Product Design: Fundamentals and Methods|api_v2
Organizational behavior.pdf|095723b5-82a7-4ac8-9660-5ca73d7dbb5e|Yes||Ivancevich; Konopaske; Matteson|John M. Ivancevich; Robert Konopaske; Michael T. Matteson|||llm_analysis|/home/appuser/app/uploads/f129f637-20dc-4e6f-881e-6ab42755e6cf.pdf||Organizational Behavior; Management||True|Organizational behavior.pdf||C. T. Bauer College of Business, University of Houston||Organizational Behavior and Management|api_v2
Wiring the Winning Organization - Gene Kim & Steven J. Spear.pdf|4c40a1f0-d474-49ab-a2f9-a347e709d8b8|Yes||Kim; Spear|Gene Kim; Steven J. Spear|||llm_analysis|/home/appuser/app/uploads/fec07700-e8a1-47bd-9125-31f1ea36d02d.pdf||organization; leadership; complexity; resilience; adaptive; blueprint; transformation|English|True|Wiring the Winning Organization - Gene Kim & Steven J. Spear.pdf||||Wiring the Winning Organization|api_v2
A Guide to the Project Management Body of Knowledge (PMBOK -- Project Management Institute -- 7th Revised, 2021.pdf|7310b0ba-53e3-4a06-990d-f38fa64d3e79|Yes||Project Management Institute|Project Management Institute|Guide||llm_analysis|/home/appuser/app/uploads/054417fd-5425-4109-acee-0ed6d61887f7.pdf||project management; PMBOK® GUIDE; standard; body of knowledge||True|A Guide to the Project Management Body of Knowledge (PMBOK -- Project Management Institute -- 7th Revised, 2021.pdf||Project Management Institute||The standard for project management and a guide to the project management body of knowledge (PMBOK® GUIDE) Seventh Edition|api_v2
TriumphOfLean ProductionSystem.pdf|9760baa2-b09f-4c7b-b787-c9bb19203274|Yes|The article challenges the myth that productivity and quality in the auto industry are determined by location, highlighting the importance of corporate culture and 'lean' production policies.|Krafcik; Laucio|John F. Krafcik; Tumph Laucio|research paper||llm_analysis|/home/appuser/app/uploads/81f65e66-2c27-46bb-b67c-c928256127bd.pdf|Krafcik, J. F. & Laucio, T. (1988) ‘Triumph of the Lean Production System’, *Management Review*, 30(1), pp. 41.|lean production; auto industry; productivity; quality; assembly plant|English|True|TriumphOfLean ProductionSystem.pdf|1988-04|Massachusetts Institute of Technology SLOAN||Triumph of the Lean Production System|api_v2
Systems Engineering and Analysis Pearson New International -- Benjamin S_ Blanchard, Wolter J_ Fabrycky.pdf|091b611b-2cfd-4a87-88f4-5d3f45f58cad|Yes||Blanchard; Fabrycky|Blanchard; Fabrycky|||llm_analysis|/home/appuser/app/uploads/794b074e-4e71-40aa-9592-01de16b73754.pdf||||True|Systems Engineering and Analysis Pearson New International -- Benjamin S_ Blanchard, Wolter J_ Fabrycky.pdf||||Systems Engineering and Analysis|api_v2
Competitive Advantage of Nations - Michael E. Porter.pdf|3a7e0a33-bfe2-45be-8071-ec420004bdfb|Yes||Porter|Michael E. Porter|||llm_analysis|/home/appuser/app/uploads/e4e607c0-dec6-47d5-9322-d38238ea8080.pdf||competitive advantage; performance; strategy||True|Competitive Advantage of Nations - Michael E. Porter.pdf|1985|||Competitive Advantage: Creating and Sustaining Superior Performance|api_v2
Toyota Way _ 14 Management Principles from the World's Greatest Manufacturer, The - Jeffrey Liker.pdf|67cabbfd-8fbf-45ec-9549-38a90bea8722|Yes||Liker|Jeffrey K. Liker|book||llm_analysis|/home/appuser/app/uploads/6828a6f2-7bb8-4a37-a1e4-c71ced3b7abe.pdf||Toyota; Toyota Way; Management Principles; Manufacturing; Lean Manufacturing|English|True|Toyota Way _ 14 Management Principles from the World's Greatest Manufacturer, The - Jeffrey Liker.pdf||McGraw-Hill||The Toyota Way 14 Management Principles from the World's Greatest Manufacturer|api_v2
McGregor_The_Human_Side_of_Enterprise.pdf|0f5a3d0d-fde5-429b-a840-ba6b64707765|Yes|The text discusses the potential of social sciences to improve human organizations and compares it to the development of atomic energy. It suggests that current conceptions of human nature are inadequate and that new knowledge could unlock creative human energy within organizations.|Leavitt; Pondy; Boje|Harold J. Leavitt; Louis R. Pondy; David M. Boje|report||llm_analysis|/home/appuser/app/uploads/2a5906a7-506a-4970-9031-8ebae742d272.pdf|Leavitt, H. J., Pondy, L. R. & Boje, D. M. (1966) Readings in Managerial Psychology. The M.I.T. Press.|managerial psychology; human side of enterprise; management; social sciences; human organizations|English|True|McGregor_The_Human_Side_of_Enterprise.pdf|1966|The M.I.T. Press||Readings in Managerial Psychology|api_v2
Keko, Prevo & Stremersch (Book Chapter, 2018).pdf|646224ad-bc6b-4b79-9c77-7f70a5ada5f3|Yes||Keko; Prevo; Stremersch|Elio Keko; Gert Jan Prevo; Stefan Stremersch|||llm_analysis|/home/appuser/app/uploads/96881849-03ff-4774-8d97-ed3ae9cb78da.pdf||innovation; business model; product innovation; service innovation; process innovation|English|True|Keko, Prevo & Stremersch (Book Chapter, 2018).pdf||||The what, who and how of innovation generation|api_v2
Research Design_ Qualitative, Quantitative, and Mixed -- John W_ Creswell, David J_ Creswell -- 6th, 2023 -- SAGE Publications.pdf|bea2d905-8edd-4c6b-b30a-ddde28bed82d|Yes||||||llm_analysis|/home/appuser/app/uploads/c2496a35-169c-4209-8eed-d2a01a24b6e9.pdf||research design; qualitative; quantitative; mixed methods|English|True|Research Design_ Qualitative, Quantitative, and Mixed -- John W_ Creswell, David J_ Creswell -- 6th, 2023 -- SAGE Publications.pdf||SAGE Publishing||RESEARCH DESIGN Qualitative, Quantitative, and Mixed Methods Approaches|api_v2
Team Topologies_ Organizing Business and Technology Teams for Fast Flow - Matthew Skelton & Manuel Pais.pdf|fa5bee04-9b62-493e-8c7c-6353cf15b73d|Yes||Skelton; Pais|Matthew Skelton; Manuel Pais|||llm_analysis|/home/appuser/app/uploads/89f76ed4-dd91-4830-bf6e-5b13435d8dbb.pdf||teams; organization; digital economy; DevOps; SRE; team organization; team design; high-performance teams|English|True|Team Topologies_ Organizing Business and Technology Teams for Fast Flow - Matthew Skelton & Manuel Pais.pdf||||TEAM TOPOLOGIES|api_v2
Guide_to_the_Systems_Engineering_Body_of_Knowledge_v2.10.pdf|5f62cc19-bd6a-47ff-96bd-df44cd28089d|Yes||SEBoK|Guide to the Systems Engineering Body of Knowledge (SEBoK)|Guide||llm_analysis|/home/appuser/app/uploads/f13c732d-cbc3-40e8-84f5-11e84e1c4d51.pdf|||English|True|Guide_to_the_Systems_Engineering_Body_of_Knowledge_v2.10.pdf|2.10||www.sebokwiki.org|Guide to the Systems Engineering Body of Knowledge (SEBoK) Version 2.10|api_v2
Design for Manufacturability How to Use Concurrent Engineering.pdf|f9af799f-c183-4224-aa55-71ca69b26351|Yes||Anderson|David M. Anderson|book||llm_analysis|/home/appuser/app/uploads/9409f513-b04c-4551-8696-8773637e1b93.pdf||design for manufacturability; concurrent engineering; low-cost products; high-quality products; lean production||True|Design for Manufacturability How to Use Concurrent Engineering.pdf||Taylor & Francis|http://taylorandfrancis.com|DESIGN for MANUFACTURABILITY SECOND EDITION|api_v2
Toyota Kata - Mike Rother.pdf|ac1ad5a4-b73c-4020-9094-4481b531e3fc|Yes||Rother|Mike Rother|||llm_analysis|/home/appuser/app/uploads/bce3f376-a177-4e91-96fb-876df39bee4f.pdf||Toyota; improvement; adaptiveness; results; people management||True|Toyota Kata - Mike Rother.pdf||||MANAGING PEOPLE FOR IMPROVEMENT, ADAPTIVENESS, AND SUPERIOR RESULTS|api_v2
Roethlisberger, F. J. & Dickson, W. J. (1939). Management and the Worker.pdf|ae46acaa-343c-4c18-b931-af16de25fd0c|Yes|A continuous history of experiments conducted at the Hawthorne Works of the Western Electric Company. The authors argue that psychological factors are more important than physiological, and sociological and anthropological factors are more important than economic.|Roethlisberger; Dickson|F. J. Roethlisberger; William J. Dickson|book||llm_analysis|/home/appuser/app/uploads/cc917b89-dc8f-4f88-ad05-2277230d8473.pdf|Roethlisberger, F. J. and Dickson, W. J. (1939) *Management and the Worker*. Harvard University Press.|management; worker; psychological factors; sociological factors; anthropological factors; Hawthorne Works; Western Electric Company||True|Roethlisberger, F. J. & Dickson, W. J. (1939). Management and the Worker.pdf|1939|Harvard University Press (Oxford University Press)|http://www.jstor.org/stable/2226267|Management and the Worker|api_v2
Handbook of Research on New Product Development -- Peter N_ Golder, Debanjan Mitra -- Research Handbooks in Business and Management series, 2018.pdf|50503e7d-504b-4a51-8407-843c0c0183d4|Yes||Golder; Mitra|Peter N. Golder; Debanjan Mitra|handbook||llm_analysis|/home/appuser/app/uploads/a8644b50-53ca-4c02-8983-165fe592c7af.pdf||new product development; research||True|Handbook of Research on New Product Development -- Peter N_ Golder, Debanjan Mitra -- Research Handbooks in Business and Management series, 2018.pdf||||HANDBOOK OF RESEARCH ON NEW PRODUCT DEVELOPMENT|api_v2
Innovation Management and New Product Development -- Paul Trott -- Pearson Education (UK), Harlow, United Kingdom, 2021 -- Pearson.pdf|224946e3-2928-433f-a4d1-ace018cae759|Yes||Trott|Paul Trott|research paper||llm_analysis|/home/appuser/app/uploads/f075c112-a381-492a-adb1-e101e1cfeb3c.pdf||||True|Innovation Management and New Product Development -- Paul Trott -- Pearson Education (UK), Harlow, United Kingdom, 2021 -- Pearson.pdf||||Innovation Management and New Product Development|api_v2
R. G. Cooper 1979 - The Dimensions of Industrial New Product Success and Failure.pdf|1d8d5e53-2ffe-4bb2-bed8-d5b913f28da1|Yes||Caves; Oliva|Robert E. Caves; Michael A. Oliva|||llm_analysis|/home/appuser/app/uploads/23e6675b-c827-4f34-91bd-6cd7823d0824.pdf||new product; success; failure; market orientation; product strategy; empirical research||True|R. G. Cooper 1979 - The Dimensions of Industrial New Product Success and Failure.pdf|1982|||The Dimensions of Industrial New Product Success and Failure|api_v2
The principles of product development flow_ second -- Reinertsen, Donald G_, 2009.pdf|1749a345-186f-471c-a34f-c12882fd8bd4|Yes|Companies are pursuing the wrong goals, maximizing capacity utilization and striving to conform to plan. The heart of a new approach is FLOW, and the enemy of flow is the invisible and unmeasured queues that undermine product development performance. This book comprehensively describes the underlying principles that create flow product development processes, principles that have produced 5x to 10x improvements.|Reinert; Anderson|Donald G. Reinert; David J. Anderson|||llm_analysis|/home/appuser/app/uploads/05f5cf7d-944d-4758-9b87-7fa555dd55d6.pdf||product development; flow; lean manufacturing; variability; queues; process efficiency; cycle time||True|The principles of product development flow_ second -- Reinertsen, Donald G_, 2009.pdf||||The Principles of Product Development Second Generation Lean Product Development|api_v2
Competitive Strategy - Michael E. Porter.pdf|c412b3e1-55cc-4393-9b98-331a6777d3ee|Yes||Porter|Michael E. Porter|book||llm_analysis|/home/appuser/app/uploads/25cf2e7f-91c6-4c13-a428-5c91d603d35f.pdf||competitive strategy; industries; competitors; analysis||True|Competitive Strategy - Michael E. Porter.pdf||||COMPETITIVE STRATEGY Techniques for Analyzing Industries and Competitors|api_v2
Theory of Economic Development, The - Joseph A. Schumpeter.pdf|1a44f775-23dc-4afd-b9d0-9ef61597530a|Yes||Schumpeter; Elliott|Joseph A. Schumpeter; John E. Elliott|book||llm_analysis|/home/appuser/app/uploads/ae378de5-59e9-40b1-9aad-42e5272c5b84.pdf|Schumpeter, J.A. (1983) *The Theory of Economic Development*. Transaction Publishers.|economic development; profits; capital; credit; interest; business cycle||True|Theory of Economic Development, The - Joseph A. Schumpeter.pdf|1983|Transaction Publishers|www.transactionpub.com|THE THEORY OF ECONOMIC DEVELOPMENT An Inquiry into Profits, Capital, Credit, Interest, and the Business Cycle|api_v2
Cooper - Agile-stage-gate for manufacturers.pdf|07598769-3e99-4743-93e5-7c849e27de4d|Yes|Agile development methods borrowed from the software industry are now being used by a handful of manufacturing firms for the development of physical products. This article presents six case studies from major firms experimenting with Agile–Stage-Gate hybrids.|Cooper; Sommer|Robert G. Cooper; Anita Friis Sommer|research paper|10.1080/08956308.2018.1421380|llm_analysis|/home/appuser/app/uploads/5fde9b7f-c69e-49a3-8729-6d4795bca577.pdf|Cooper, R.G. & Sommer, A.F. (2018) ‘Agile–Stage-Gate for Manufacturers’, Research-Technology Management, 61(2), pp. 17-26. DOI: 10.1080/08956308.2018.1421380|New product development; Agile–Stage-Gate hybrid; Agile; Stage-Gate||True|Cooper - Agile-stage-gate for manufacturers.pdf|2018|Research-Technology Management|https://doi.org/10.1080/08956308.2018.1421380|Agile–Stage-Gate for Manufacturers|api_v2
Maarit Laanti - Pilotin Lean-Agile Hardware Development.pdf|db41c2df-b047-4e59-80d5-a6783886fba1|Yes|Lean-Agile hardware development is not only possible, but brings multiple benefits. The key to apply Lean and Agile thinking in hardware development is to understand the natural development iterations, and utilize the received feedback for the maturization of the hardware.|Laanti|Maarit Laanti|research paper||llm_analysis|/home/appuser/app/uploads/62f2dd16-5ebb-46fe-ab4e-aeefc144609a.pdf||Large-scale agile software development; agile methods; hardware engineering; software engineering; software development; Scaled Agile; embedded systems; electrical engineering; consumer electronics; large scale agile|English|True|Maarit Laanti - Pilotin Lean-Agile Hardware Development.pdf|2010-2011|||Piloting Lean-Agile Hardware Development|api_v2
MAHD-Ebook-with-Toolkit-v2.0.pdf|84fa2fb3-c9fe-442a-8a61-467de3290260|Yes|This ebook introduces the Modified Agile for Hardware Development (MAHD) framework, explaining its differences from software Agile methods and providing step-by-step guides for its key elements.|Simpson; Hinkle|Dorian Simpson; Gary Hinkle|Ebook||llm_analysis|/home/appuser/app/uploads/9a406258-278d-4323-8ab9-8a88cc9f42ee.pdf||Agile; Hardware Development; MAHD; Product Development; Physical Products|English|True|MAHD-Ebook-with-Toolkit-v2.0.pdf||||WWW.AGILEFORHARDWARE.ORG MAHD Step-by-Step Toolkit Applying Agile Principles to Physical Products When Making Changes Is Difficult|api_v2
Agile Practice Guide - PMBOK.pdf|87a75f75-6b34-49ad-9b4c-08c1d5ec5450|Yes||||book||llm_analysis|/home/appuser/app/uploads/845447eb-84d2-46d1-83d2-077757ec573d.pdf||agile; practice guide; project management; anti-counterfeit; security feature|English|True|Agile Practice Guide - PMBOK.pdf|2017|Project Management Institute, Inc.||AGILE PRACTICE GUIDE|api_v2
Fifth Discipline_ The Art and Practice of the Learning Organization, The - Peter M. Senge.pdf|1d7482c4-0a56-49f9-87dc-cffe510e50c9|Yes||Senge|Peter M. Senge|book||llm_analysis|/home/appuser/app/uploads/da416fdd-4058-429e-9c78-696111f5dac5.pdf||learning organization; systems thinking; personal mastery; mental models; shared vision; team learning||True|Fifth Discipline_ The Art and Practice of the Learning Organization, The - Peter M. Senge.pdf||||THE FIFTH DISCIPLINE PETER M. SENGE|api_v2
Automotive Product Development_  A Systems Engineering -- Vivek D_ Bhise -- 2017.pdf|804136ec-6286-4d09-aa44-34cc8be581b4|Yes||Bhise|Vivek D. Bhise|Business Plan||llm_analysis|/home/appuser/app/uploads/5db15084-b15f-4bb6-b340-ea001c6fb9e9.pdf||Vehicle Validation; Customer Drives; Ergonomics; V2X; Fuel Economy; Safety; CAD Models; Vehicle Integration; Attribute Management; Systems Engineering; Design Reviews; Quality Function Deployment||True|Automotive Product Development_  A Systems Engineering -- Vivek D_ Bhise -- 2017.pdf||||Right Vehicle for Customers Whole Vehicle Validation with Customer Drives|api_v2
2008_DeciRyan_CanPsy_Eng.pdf|349847fc-5cbd-49cf-a514-9070ddfa4426|Yes|Self-determination theory (SDT) differentiates motivation, with autonomous and controlled motivations constituting the key, broad distinction Research has shown that autonomous motivation predicts persistence and adherence and is advantageous for effective performance, especially on complex or heuristic tasks that involve deep information processing or creativity. Autonomous motivation is also reliably related to psychological health.|Deci; Ryan|Edward L. Deci; Richard M. Ryan|research paper||llm_analysis|/home/appuser/app/uploads/54692fc2-86a5-4507-b60c-a8a876a47459.pdf||autonomy; self-determination theory; autonomy support; intrinsic motivation||True|2008_DeciRyan_CanPsy_Eng.pdf||||Facilitating Optimal Motivation and Psychological WellBeing Across Life's Domains|api_v2
The Machine That Changed the World_ The Story of Lean -- James P_ Womack, Daniel T_ Jones, Daniel Roos -- 2007.pdf|f608f743-0746-4c2e-b34f-e4a9b1f939ab|Yes||Womack; Jones; Roos|James P. Womack; Daniel T. Jones; Daniel Roos|book||llm_analysis|/home/appuser/app/uploads/fe58cb7e-6a14-4897-b3ab-918563072dba.pdf||automobile; lean production; mass production; manufacturing; industry|English|True|The Machine That Changed the World_ The Story of Lean -- James P_ Womack, Daniel T_ Jones, Daniel Roos -- 2007.pdf||Collier Macmillan Canada||THE MACHINE THAT CHANGED THE WORLD|api_v2
A Scrum-based framework for development.pdf|431990bd-4b5e-4da2-a4c5-51c834470a27|Yes|In this work, a Scrum-Based New Product Development (SBNPD) approach is introduced. This new framework stems from the basis of Scrum and incorporates tools suitable for being applied to the design and development of physical products. The proposed approach implies that feedback from early adopters is to be gathered throughout the whole project, thereby driving to validated learning within a co-creation process.|Canoa; Garca-Cams; Garzás; Moguerza; Sánchez|Emilo L Canoa; Juan M. Garca-Cams; Javier Garzás; Javier M Moguerza; Noemí N. Sánchez|research paper||llm_analysis|/home/appuser/app/uploads/0f94d884-7f20-4a40-9569-625a8755efe1.pdf||Innovation strategy; Framework; Agile project management; Scrum; New Product Development; Physical products; Co-creation; Dental industry||True|A Scrum-based framework for development.pdf||||A Scrum-based framework for new product development in the non-software industry|api_v2
The-Perfect-Blend-How-to-use-Jira-for-Waterfall-and-Hybrid-Projects-Old-Street-Solutions.pdf|f86eb7c7-3ee6-47d8-a18d-453a04ccff39|Yes|Jira, primarily an agile project management system, can also be used for waterfall project management, especially for teams transitioning to agile methodologies. It's a suitable platform for organizations embracing agile practices gradually, particularly with the shift to remote working.|||Report||llm_analysis|/home/appuser/app/uploads/76c7e3f2-1ad9-45c5-b20e-30c6c93a1ff2.pdf|Unknown|Jira; waterfall; hybrid; agile; project management; remote working|English|True|The-Perfect-Blend-How-to-use-Jira-for-Waterfall-and-Hybrid-Projects-Old-Street-Solutions.pdf|Unknown|Unknown||how to use Jira for waterfall and hybrid projects|api_v2
Case Study Research_ Design and Methods (Applied Social Research Methods) - Robert K. Yin.pdf|ad8b3d7a-ce82-4ecb-a81f-9a63e6b31b8e|Yes||Yin|Robert K.Yin|book||llm_analysis|/home/appuser/app/uploads/16380713-0ad6-4451-9d4e-2cea342baad8.pdf||||True|Case Study Research_ Design and Methods (Applied Social Research Methods) - Robert K. Yin.pdf||||Case Study Research Design and Methods|api_v2
Best Practices in New Product Development and Innovation.pdf|940660f9-a9c5-43d2-bef7-3f3fea6523f8|Yes|Extending 30 years of NPD best practice studies, this paper presents the results of the most recent 2021 global best practice survey on product development management practices conducted by the Product Development & Management Association (PDMA). The results reveal that no single capability is necessary or sufficient to explain the best performance.|Knudsen; Barczak; von Zedtwitz; Griffin|Mette Praest Knudsen; Gloria Barczak; Max von Zedtwitz; Abbie Griffin|research paper||llm_analysis|/home/appuser/app/uploads/41e36e39-bea4-4cf0-8b03-ba1536382e05.pdf|Knudsen, M. P., Barczak, G., von Zedtwitz, M. & Griffin, A. (2021) Best practices in new product development and innovation: Results from PDMA's 2021 global survey.|best practice; COVID-19; innovation; innovation strategy; new product development (NPD); survey|English|True|Best Practices in New Product Development and Innovation.pdf|2021|Product Development & Management Association (PDMA)||Best practices in new product development and innovation: Results from PDMA's 2021 global survey|api_v2
Agile-Stage-GateHybrid-CooperSommer-JPIMSept2016.pdf|54e863e6-fd49-4bb9-b7b4-10dea6485b1f|Yes|Initial but limited evidence suggests yes: Larger IT firms have already integrated Agile and Stage-Gate and gained the benefits of both approaches; and most recently, a handful of manufacturing firms have employed this Agile–Stage-Gate hybrid model for physical new products. This new approach promises to be the most significant change to our thinking about how new-product development should be done since the introduction of today’s popular gating systems 30 years ago.|Cooper; Sommer|Robert G. Cooper; Anita F. Sommer|Article|10.1080/08956308.2016.1117317|llm_analysis|/home/appuser/app/uploads/bc6277ec-8381-4b8a-9d5e-782624b7a3a1.pdf|Cooper, R. G. & Sommer, A. F. (2016) ‘The Agile–Stage-Gate Hybrid Model: A Promising New Approach and a New Research Opportunity’, Research-Technology Management, 34(1).|Agile; Stage-Gate; hybrid model; new product development; manufacturing|English|True|Agile-Stage-GateHybrid-CooperSommer-JPIMSept2016.pdf|2016-01|Research-Technology Management||The Agile–Stage-Gate Hybrid Model: A Promising New Approach and a New Research Opportunity|api_v2
Product Design and Development -- Karl T_ Ulrich, Steven D_ Eppinger, Maria C_ Yang -- 7th, 2019.pdf|5e240c24-ade0-43b9-8d18-be22a4a41565|Yes||Ulrich; Eppinger; Yang|Karl T. Ulrich; Steven D. Eppinger; Maria C. Yang|book||llm_analysis|/home/appuser/app/uploads/e34a5bbb-38cb-4b3f-845b-bc6fb89b2589.pdf|Ulrich, K. T., Eppinger, S. D. & Yang, M. C. (2020). *Product Design and Development*. McGraw-Hill Education.|product design; product development; engineering; innovation|English|True|Product Design and Development -- Karl T_ Ulrich, Steven D_ Eppinger, Maria C_ Yang -- 7th, 2019.pdf|2020|McGraw-Hill Education||Product Design and Development|api_v2
Intrinsic Motivation and Self-Determination in Human -- Edward L_ Deci, Richard M_ Ryan (auth_) -- Perspectives in Social Psychology, 1, 1985.pdf|ed00d726-0075-4c3e-abb3-aa8454e0ffa8|Yes||Deci; Ryan|Edward L. Deci; Richard M. Ryan|||llm_analysis|/home/appuser/app/uploads/e8421d02-71a1-42cf-9ef0-f03df641b048.pdf||motivation; self-determination; human behavior||True|Intrinsic Motivation and Self-Determination in Human -- Edward L_ Deci, Richard M_ Ryan (auth_) -- Perspectives in Social Psychology, 1, 1985.pdf||||Intrinsic Motivation and Self-Determination in Human Behavior|api_v2
Cooper, R. G. 1983. A process model for industrial new product development..pdf|0dc0aadc-ea1d-4ee2-90d9-a3f8aaf77cdd|Yes|What steps should the industrial new product manager take to improve new product performance? This article pulls together the findings from the many research studies into what makes a new product a success. Six important lessons for managers are developed from those studies. The lessons point to a flow model approach to the development and commercialization of a new product—a step-by-step approach to successful product innovation.|Cooper|Robert G. Cooper|||llm_analysis|/home/appuser/app/uploads/7e4152ed-621b-4f17-b5bb-91d32a5c0cf9.pdf||new product development; process model; industrial products; innovation; market research||True|Cooper, R. G. 1983. A process model for industrial new product development..pdf||||A Process Model for Industrial New Product Development|api_v2
Scrum_ The Complete Guide to the Agile Project Manaork & Solve Problems in Half the Time - Josh Wright.pdf|f49d6e43-c91b-40bd-85aa-97f19d84b37a|Yes||Wright|Josh Wright|book||llm_analysis|/home/appuser/app/uploads/87135f2f-d00d-42cc-a10d-533574ccaf22.pdf||Scrum; Agile; Project Management; Software Development; Lean Team; Framework|English|True|Scrum_ The Complete Guide to the Agile Project Manaork & Solve Problems in Half the Time - Josh Wright.pdf|2020|Josh Wright||Scrum: the complete guide to the agile project management framework that helps the software development lean team to efficiently structure and simplify the work & solve problems in half the time|api_v2
Concurrent engineering fundamentals -- Prasad, Biren, 1949- -- Volume 1, 1996.pdf|7bb246f1-24c5-4f0a-80f6-1e38a80578a6|Yes||Aldhan; heet; Marsh|PRA Aldhan; Robaz heet; I M Marsh|report||llm_analysis|/home/appuser/app/uploads/0209e4c4-697a-4cd2-a27a-e61a7ba827d9.pdf||Concurrent Engineering; Product Organization; Process Organization||True|Concurrent engineering fundamentals -- Prasad, Biren, 1949- -- Volume 1, 1996.pdf||LIVERPOOL JOHN MOORES UNIVERSITY LEARNING SERVICES||Concurrent Engineering Fundamentals Integrated Product and Process Organization|api_v2
Design and Analysis of Experiments, 9th Edition -- Douglas C_ Montgomery  (Author) -- 9, 2017.pdf|d48082c1-7f78-4893-8e82-ea1c6dc9b32a|Yes||Montgomery|Douglas C. Montgomery|||llm_analysis|/home/appuser/app/uploads/4f61d5d5-bdf4-4071-8216-54504661bda8.pdf||experiments; design; analysis||True|Design and Analysis of Experiments, 9th Edition -- Douglas C_ Montgomery  (Author) -- 9, 2017.pdf||Wiley||Design and Analysis of Experiments|api_v2
Paweł Weichbroth -  Case Study on Implementing Agile Techniques in Hardware.pdf|c115205a-d400-4ff2-85bd-d2f31d069d3f|Yes|Agile methodologies are claimed to facilitate teams in managing their work more effectively and conducting their work more efficiently while fostering the highest quality product within the constraints of the budget. To fill this gap, the goal of this study is to analyze and present an in-depth account of the implementation of mix agile-oriented tools and practices.|Weichbroth|Paweł Weichbroth|research paper|10.3390/app12178457|llm_analysis|/home/appuser/app/uploads/83db1046-dae8-4a41-a807-aa33697c8d4f.pdf|Weichbroth, P. (2022). A Case Study on Implementing Agile Techniques and Practices: Rationale, Benefits, Barriers and Business Implications for Hardware Development. *Applied Sciences*, *12*(17), 8457.|agile; implementation; hardware development; case study; user experience|English|True|Paweł Weichbroth -  Case Study on Implementing Agile Techniques in Hardware.pdf|2022-08-24|MDPI||A Case Study on Implementing Agile Techniques and Practices: Rationale, Benefits, Barriers and Business Implications for Hardware Development|api_v2
Eliyahu M. Goldratt 1984 Theory of Constraints.pdf|7793510e-3b83-4a6b-8190-7e98a3f565c5|Yes||Goldratt|Eliyahu M. Goldratt|report||llm_analysis|/home/appuser/app/uploads/060301f8-4053-45da-90a6-49216a5f9951.pdf||Theory of Constraints; implementation; process; solutions||True|Eliyahu M. Goldratt 1984 Theory of Constraints.pdf||||What is this thing called THEORY OF CONSTRAINTS and how should it be implemented?|api_v2
This Is Lean_ Resolving the Efficiency Paradox -- Niklas Modig -- 2013.pdf|e2396b48-fea3-4ddb-8abc-5bd382833855|Yes||Modig; Ahlström|Niklas Modig; Pär Ahlström|||llm_analysis|/home/appuser/app/uploads/195ededb-a1fd-4dff-bf57-d0dc36c4516c.pdf||efficiency; paradox|English|True|This Is Lean_ Resolving the Efficiency Paradox -- Niklas Modig -- 2013.pdf|2013|Rheologica Publishing||RESOLVING THE EFFICIENCY PARADOX|api_v2
Professional Scrum Team, The (The Professional Scrum Series) -- Peter Götz, Uwe Schirmer, Kurt Bittner -- 1, 2020.pdf|accd27dd-f92f-47ec-b2a2-11c9be16dca1|Yes||Scrum Team|The Professional Scrum Team|||llm_analysis|/home/appuser/app/uploads/d6769d25-6a92-49bd-8e87-e5a3879d8f2c.pdf||Scrum; agile; leadership; teams; organizations; agility; cross-functionality; resiliency|English|True|Professional Scrum Team, The (The Professional Scrum Series) -- Peter Götz, Uwe Schirmer, Kurt Bittner -- 1, 2020.pdf||Scrum.org||THE PROFESSIONAL SCRUM TEAM GROWING AND EMPOWERING CROSS-FUNCTIONALITY XXXY AND RESILIENCY IN A COMPLEX WORLD|api_v2
Maslow, A. H. 1943. A theory of human motivation.pdf|93ffc26b-805c-46a8-ba13-f61df97c0e20|Yes||Maslow|A. H. Maslow|research paper||llm_analysis|/home/appuser/app/uploads/5166fd34-0f02-4017-8eec-8880d11b2366.pdf||motivation; human needs; hierarchy; goals; behavior|English|True|Maslow, A. H. 1943. A theory of human motivation.pdf|Unknown|Brooklyn College||A THEORY OF HUMAN MOTIVATION|api_v2
Out of the Crisis, Reissue - Deming, W. Edwards; Cahill, Kevin Edwards; Allan, Kelly L_.pdf|de89f3b0-2721-41b8-8acc-15b866de5e80|Yes||Deming|W. Edwards Deming|||llm_analysis|/home/appuser/app/uploads/0b3ab1f6-3dd3-4841-abf9-024696ac9e6e.pdf|||English|True|Out of the Crisis, Reissue - Deming, W. Edwards; Cahill, Kevin Edwards; Allan, Kelly L_.pdf|2018|Massachusetts Institute of Technology||Out of the Crisis|api_v2
The Agile–Stage-Gate Hybrid Model_A Promising New Approach and a New Research Opportunity.pdf|62563fb2-bd78-49ae-819e-b4b7bb28f81c|Yes||Cooper; Sommer|Robert G. Cooper; Anita F. Sommer|||llm_analysis|/home/appuser/app/uploads/f9ec261e-f1f6-4e31-a9b8-1c0a361e1368.pdf||Agile; Stage-Gate; hybrid model; new product development; manufacturing; software; customer needs; team communication|English|True|The Agile–Stage-Gate Hybrid Model_A Promising New Approach and a New Research Opportunity.pdf||||The Agile–Stage-Gate Hybrid Model: A Promising New Approach and a New Research Opportunity|api_v2
Effective Project Management_ Traditional, Agile, Extreme, -- Robert K_ Wysocki -- 1, 2019 -- Wiley -- 10_1002_9781119562757 -- 47b5808564019863dfc0258a66ebee6b -- Anna’s Archive.pdf|8391f2a5-7fed-4ef9-8685-0e84ed76115e|Yes||Wysocki|Robert K. Wysocki|||llm_analysis|/home/appuser/app/uploads/e598db7b-e7de-4cb7-9b4d-7e44c180a381.pdf||project management; agile; extreme; hybrid||True|Effective Project Management_ Traditional, Agile, Extreme, -- Robert K_ Wysocki -- 1, 2019 -- Wiley -- 10_1002_9781119562757 -- 47b5808564019863dfc0258a66ebee6b -- Anna’s Archive.pdf||Wiley||Effective Project Management|api_v2
Team of Teams_ New Rules of Engagement for a Complex World - Gey McChrystal & David Silverman & Tantum Collins & Chris Fussell.pdf|937d769e-1a05-4fc4-974b-7932413e571e|Yes||McChrystal; Collins; Silverman; Fussell|Stanley McChrystal; Tantum Collins; David Silverman; Chris Fussell|Not specified||llm_analysis|/home/appuser/app/uploads/2584224f-a3c5-4165-ac5e-3b557d25470e.pdf||organizational change; team; engagement; complex world; system|English|True|Team of Teams_ New Rules of Engagement for a Complex World - Gey McChrystal & David Silverman & Tantum Collins & Chris Fussell.pdf||Not specified||Team of Teams: New Rules of Engagement for a Complex World|api_v2
A New History of Management -- Stephen Cummings, Todd Bridgman, John Hassard, Michael -- 1, 2017.pdf|bed11fee-52f4-4774-8740-33b3ff9fca35|Yes|A New History of Management disputes conventional perspectives on the development of management theories and provides a critical outline of presentday management, highlighting alternative conceptions of good management focussed on ethical aims, sustainability and new views of good practice.|Cummings; Bridgman; Hassard; Rowlinson|Stephen Cummings; Todd Bridgman; John Hassard; Michael Rowlinson|book||llm_analysis|/home/appuser/app/uploads/42b8b309-a80e-448a-af09-2923c09c859c.pdf|Cummings, S., Bridgman, T., Hassard, J. & Rowlinson, M. (2024) A New History of Management. [Book]. Victoria University of Wellington.|management; history; ethics; sustainability; organization|English|True|A New History of Management -- Stephen Cummings, Todd Bridgman, John Hassard, Michael -- 1, 2017.pdf||Victoria University of Wellington||A New History of Management|api_v2
Concurrent Engineering Approaches for Sustainable Product -- Nel Wognum, Richard Curran (auth_), Josip Stjepandić, Georg -- 1, 2013 -- Springer-Verlag -- 10_1007_978-1-4471-4.pdf|952ebbc2-a690-4918-863a-744e449ff30b|Yes||Stjepandi; Bil|Josip Stjepandi Georg Rock; Cees Bil|Proceedings||llm_analysis|/home/appuser/app/uploads/7af7fa20-3dad-4766-98db-6d752b0d81e7.pdf||Concurrent Engineering; Sustainable Product Development; Multi-Disciplinary Environment||True|Concurrent Engineering Approaches for Sustainable Product -- Nel Wognum, Richard Curran (auth_), Josip Stjepandić, Georg -- 1, 2013 -- Springer-Verlag -- 10_1007_978-1-4471-4.pdf||ISPE||Concurrent Engineering Approaches for Sustainable Product Development in a Multi-Disciplinary Environment|api_v2
everett-m-rogers-diffusion-of-innovations.pdf|cfce5806-535a-4646-8640-6a37e4cbc2f3|Yes|This book explores the diffusion of innovations, examining the elements involved and tracing the history of research in this area.|Rogers; Shoemaker|Everett M. Rogers; F. Floyd Shoemaker|book||llm_analysis|/home/appuser/app/uploads/d2e4d19f-a572-4cf2-9c5d-8fd760190077.pdf|Rogers, E. M. & Shoemaker, F. F. (1983) *Diffusion of Innovations*. New York: The Free Press.|diffusion of innovations; communication; social system; innovation; research|English|True|everett-m-rogers-diffusion-of-innovations.pdf|1983|The Free Press||Diffusion of Innovations|api_v2
How the Toyota Production System was Created - T Ohno.pdf|40cf26d9-fa17-491d-b553-9ced373d0aed|Yes|The oil crisis of 1973 led to public interest in the Toyota production system. Toyota's ability to maintain profit position during an economic slump attracted attention.|Ohno|Taiichi Ohno|research paper|10.2753/JES1097-203X100483|llm_analysis|/home/appuser/app/uploads/cb0b18e5-c3f3-48ff-bb84-071982215cae.pdf|Ohno, T. (1982). How the Toyota Production System was Created. Japanese Economic Studies, 10(4), 83-101.|Toyota Production System; mass-production; Japanese economy; Oil Crisis|English|True|How the Toyota Production System was Created - T Ohno.pdf|2014-12-20|Taylor & Francis|http://www.tandfonline.com/loi/mjes18|How the Toyota Production System was Created|api_v2
Team Effectiveness In Complex Organizations_ -- Eduardo Salas, Gerald F_ Goodwin, C_ Shawn Burke -- SIOP Organizational Frontiers Series, 2008.pdf|6df95167-b06b-4942-916b-1473f25cd596|Yes||||||llm_analysis|/home/appuser/app/uploads/3fcc4386-6308-4ce7-bffc-5a683abcd002.pdf||team effectiveness; complex organizations; cross-disciplinary; perspectives; approaches||True|Team Effectiveness In Complex Organizations_ -- Eduardo Salas, Gerald F_ Goodwin, C_ Shawn Burke -- SIOP Organizational Frontiers Series, 2008.pdf||||Team Effectiveness in Complex Organizations Cross-Disciplinary Perspectives and Approaches|api_v2
Functional phase review.pdf|fd2c4646-7127-4f52-9ff9-4b7cfacf5cc5|Yes|Recently, the success in new product development process has become one of the main competitive advantages. Thus, many companies are looking for improving their new product development (NPD) process, to launching products as fast as possible with the required quality and low costs.|Valeri; Santiago; Cunha Resende; Trabasso; Gonzaga|Valeri, Sandro Giovanni; Santiago, Marcelo Pereira Campello; Cunha Resende, Antônio da; Trabasso, Hugo Borelli; Gonzaga, Luís|research paper||llm_analysis|/home/appuser/app/uploads/347cb897-4f99-4b0c-94ed-0a15b7f21332.pdf||Phase review; stage gates; new product development; implementation processes; project management|English|True|Functional phase review.pdf||||IMPLEMENTATION OF THE PHASE REVIEW PROCESS IN THE NEW PRODUCT DEVELOPMENT: A SUCCESSFUL EXPERIENCE|api_v2
R. G. Cooper 1994 - Third-generation New Product Processes.pdf|ab3f85eb-5c5b-4bae-8c9c-751ca45db8a1|Yes|New product processes—formal “stage-gate” systems—have been widely adopted. While Second-Generation roadmaps represent a major improvement, they too have weaknesses. This article speculates about the nature of an emerging next generation of new product processes, proposing fundamental changes revolving around four Fs: fluid and adaptable, fuzzy gates, sharper focus, and more flexibility.|Cooper|Robert G. Cooper|Perspective||llm_analysis|/home/appuser/app/uploads/a7281368-9a73-4c01-ad46-2ad9c369ff50.pdf||new product processes; stage-gate systems; product innovation; new product development|English|True|R. G. Cooper 1994 - Third-generation New Product Processes.pdf||Addison-Wesley, Cambridge, MA||Third-Generation New Product Processes|api_v2
What Is Total Quality Control__ The Japanese Way (English -- by Kaoru Ishikawa; translated by David J_ Lu -- Prentice Hall business classics.pdf|184f78f9-0ec9-4e26-ba10-e0ca9b4b7a5a|Yes||Ishikawa|Kaoru Ishikawa|||llm_analysis|/home/appuser/app/uploads/b85bdb17-7c02-49d2-a08e-0e6ecf6d3e8e.pdf||Total Quality Control; TQC; Quality Improvement; Japanese Philosophy; Operational Aspects|English|True|What Is Total Quality Control__ The Japanese Way (English -- by Kaoru Ishikawa; translated by David J_ Lu -- Prentice Hall business classics.pdf||Prentice-Hall||What Is Total Quality Control? The Japanese Way|api_v2
Innovator's Dilemma_ When New Technologies Cause Grnnovation and Change), The - Clayton M. Christensen.pdf|8ec74aae-9bd9-4c7e-8b0b-485ec1a34b90|Yes|The Innovator's Dilemma explores how successful companies can fail when faced with disruptive technologies.|Christensen|Clayton M. Christensen|||llm_analysis|/home/appuser/app/uploads/25976869-679c-4b6b-8831-421dcd9dca98.pdf||innovation; technology; firms; failure; change||True|Innovator's Dilemma_ When New Technologies Cause Grnnovation and Change), The - Clayton M. Christensen.pdf|1997|Harvard College||The Innovator's Dilemma: When New Technologies Cause Great Firms to Fail|api_v2
CURRENT CHALLENGES OF AGILE HARDWARE DEVELOPMENT.pdf|fadec574-5f20-4fa1-ad29-245dad4ef1fe|Yes|Originally developed for the software industry, agile development is being applied in the hardware field nowadays as well due to its benefits when having to deal with volatile, uncertain, complex and ambiguous (VUCA) conditions. In this publication, based on the challenges identified by Ovesen in 2012, the current challenges of agile development for hardware are gathered using an embedded design approach, ensuring its actuality based on the latest surveys and empirical data.|Atzberger; Paetzold|Alexander Atzberger; Kristin Paetzold|Publication||llm_analysis|/home/appuser/app/uploads/b19d9c57-fee0-471c-be35-809e74189503.pdf||Agile hardware development; Research methodologies and methods; Design methodology; New product development|English|True|CURRENT CHALLENGES OF AGILE HARDWARE DEVELOPMENT.pdf|Unknown|Unknown||CURRENT CHALLENGES OF AGILE HARDWARE DEVELOPMENT: WHAT ARE STILL THE PAIN POINTS NOWADAYS?|api_v2
Sohlenius, G. (1992). Concurrent Engineering. CIRP Annals - Manufacturing Technology, 41(2), 645–655. Elsevier.pdf|9df4df59-b242-4e58-a8fc-a970fd63eeab|Yes||Sohlenius; Agerman; Boothroyd; Delbressine; Eversheim; Kimura; Krause; Kumara; Lu; Rasch; Suh; Tipnis; Weck; van der Wolf|G. Sohlenius; E. Agerman; G. Boothroyd; F.L.M. Delbressine; W. Eversheim; F. Kimura; F-L Krause; S.R.T Kumara; S. Lu; F-O Rasch; N.P. Suh; V. Tipnis; M. Weck; A.C.H. van der Wolf|||llm_analysis|/home/appuser/app/uploads/7500c50e-2efd-4f62-a16d-eb8173c8b8d6.pdf||Concurrent Engineering; Manufacturing; Design; Lean Production; Flexible Automation||True|Sohlenius, G. (1992). Concurrent Engineering. CIRP Annals - Manufacturing Technology, 41(2), 645–655. Elsevier.pdf|Month YYYY|||Concurrent Engineering|api_v2
Quality Function Deployment (c)_ Integrating Customer -- Yoji Akao, author and editor-in-chief; translated by Glenn -- Cambridge, Mass, Massachusetts.pdf|220757ad-66e7-4f3e-a950-0c135f279479|Yes||Akao|Yoji Akao|book||llm_analysis|/home/appuser/app/uploads/ff84864a-3ad1-4c09-9796-cb01988f1360.pdf|||English|True|Quality Function Deployment (c)_ Integrating Customer -- Yoji Akao, author and editor-in-chief; translated by Glenn -- Cambridge, Mass, Massachusetts.pdf||Quality Function||QUALITY FUNCTION DEPLOYMENT Integrating Customer Requirements into Product Design|api_v2
XP-reprint.pdf|a9d1526b-7471-4420-b57c-8eba40caa401|Yes|XP is a lightweight methodology for small-to-medium-sized teams developing software in the face of vague or rapidly changing requirements. It focuses on excellent application of programming techniques, clear communication, and teamwork. XP addresses both technique and good relationships to be successful.|Beck|Kent Beck|book||llm_analysis|/home/appuser/app/uploads/d16e2130-6f3c-45d1-bdca-be030580f901.pdf|Beck, K. (n.d.). Extreme Programming Explained: Embrace Change.|software development; extreme programming; XP; methodology; agile; communication; teamwork; feedback; simplicity; courage; respect|English|True|XP-reprint.pdf||||Extreme Programming Explained: Embrace Change|api_v2
Tim-Brown-Design-Thinking.pdf|4d0f2f1c-26a9-47a9-9584-3b3db1889911|Yes||Brown; Edison|Tim Brown; Thomas Edison|||llm_analysis|/home/appuser/app/uploads/abc547ee-3209-4c9d-b6ca-4ddd620e897b.pdf||design thinking; innovation; products; services; processes; strategy; R&D; experimentation|English|True|Tim-Brown-Design-Thinking.pdf||||Design Thinking|api_v2
Scaling up_ how a few companies make it___ and why the rest -- Harnish, Verne, author; Gazelles Inc_, author -- 2014.pdf|7132d5ad-25fb-4e2e-99e2-9c44601b6946|Yes|Scaling Up is every entrepreneur's dream —and nightmare. Hypergrowth is terrifying, and it's most often sucs that kill great pans. This book s w eyn aviceoferg spechab rosan o nsre thatrowth the beiniot he uccs.|Harnish; Gazelles|Verne Harnish; the team at Gazelles|book||llm_analysis|/home/appuser/app/uploads/74f6ee4d-0a0c-4283-9c76-1aaf4a75fbf4.pdf||entrepreneurship; growth; strategy; cash; execution; scaling up; business|English|True|Scaling up_ how a few companies make it___ and why the rest -- Harnish, Verne, author; Gazelles Inc_, author -- 2014.pdf|2022|Gazelles||Mastering the Rockefeller Habits 2.0 How a Few Companies Make It...and Why the Rest Don't|api_v2
ScrumGuide.pdf|e38c7000-7baa-4c89-ba04-a16af5d8b84f|Yes|The Scrum Guide defines Scrum. It has evolved since 2010 and is used worldwide, especially in complex work domains beyond software development.|Schwaber; Sutherland|Ken Schwaber; Jeff Sutherland|Guide||llm_analysis|/home/appuser/app/uploads/4714836e-57c1-4bf5-95a7-9bbf93fd2923.pdf||Scrum; framework; rules; developers; product development|English|True|ScrumGuide.pdf|2020-11||https://creativecommons.org/licenses/by-sa/4.0/|The Scrum Guide|api_v2
User_centered_design.pdf|24ee479f-c872-427f-b1e8-1f995a8d8da9|Yes|User-centered design (UCD) is a broad term to describe design processes in which end-users influence how a design takes shape. It is both a broad philosophy and variety of methods.|Abras; Maloney-Krichmar; Preece|Chadia Abras; Diane Maloney-Krichmar; Jenny Preece|chapter||llm_analysis|/home/appuser/app/uploads/14d2c4ca-d52c-4064-871d-7a8662ee6a2e.pdf||user-centered design; usability; human-computer interaction; design principles||True|User_centered_design.pdf|2004|Sage Publications|In Bainbridge, W. Encyclopedia of Human-Computer Interaction. Thousand Oaks:|User-Centered Design|api_v2
Agile-Processes-for-Hardware-Development-cPrime.pdf|74d47d92-0459-4f1c-bd1f-935027bb47cb|Yes|Hardware and software development are quite different, in terms of the concrete developmental activities. Thus it might seem that Scrum, the Agile process often used for software development, would not be appropriate for hardware development. However, most of the obvious differences between hardware and software development have to do with the nature and sequencing of deliverables, rather than unique attributes of the work that constrain the process. The research conducted for this paper indicates that a Scrum process is quite appropriate for hardware development. Thus this paper describes a practical Agile process for Agile hardware development, which is almost identical to the Scrum process as it is commonly used for developing software.|Author|Author|||llm_analysis|/home/appuser/app/uploads/9c77128d-5f1e-490e-80c8-a524b492e22f.pdf||Agile; Scrum; Hardware Development; Software Development; Process||True|Agile-Processes-for-Hardware-Development-cPrime.pdf||||Agile Processes for Hardware Development|api_v2
AgileSoftwareDevelopmentMethodsReview_and_analsis.pdf|2697ba49-f152-4d2c-b299-04d979dcf0ec|Yes|Review and analysis|Abrahamsson; Salo; Ronkainen; Warsta|Pekka Abrahamsson; Outi Salo; Jussi Ronkainen; Juhani Warsta|publication||llm_analysis|/home/appuser/app/uploads/2bb80f61-779a-4a24-a31b-1b6abd53a446.pdf|Abrahamsson, P., Salo, O., Ronkainen, J. & Warsta, J. (2002) Agile software development methods: Review and analysis. VTT publication 478, Espoo, Finland.|Software development; software project management; agile process; light-weight process; extreme programming; feature driven development; dynamic systems development method; scrum||True|AgileSoftwareDevelopmentMethodsReview_and_analsis.pdf|2002|VTT|http://www.vtt.fi/inf/pdf/publications/2002/P478.pdf|Agile Software Development Methods: Review and Analysis|api_v2
Agile Project management - Beyond software domain.pdf|558655de-fd56-4d43-9698-2823c17f3ef0|Yes|The objective of this study is to summarize and critically examine contributions of past research and existing knowledge concerning APM applicability beyond software industry and its co-existence with traditional project management (TPM) practice, and to identify the potential challenges and benefits of APM in innovation and new product development processes.|Ciric; Lalic; Gracanin; Palcic; Zivlak|Danijela Ciric; Bojan Lalic; Danijela Gracanin; Iztok Palcic; Nikola Zivlak|research paper||llm_analysis|/home/appuser/app/uploads/33bc3edd-602a-4a26-ab36-4276da910484.pdf||agile; agile project management; innovation; new product development|English|True|Agile Project management - Beyond software domain.pdf|||[1]|Agile Project Management in New Product Development and Innovation Processes: Challenges and Benefits Beyond Software Domain|api_v2
ludwig-von-bertalanfy-general-system-theory-a-new-approach.pdf|613c3378-4b05-491a-b68f-e9d84089f08f|Yes||Pearl; Bertalanffy|Pearl, Raymond; Ludwig Von Bertalanffy|||llm_analysis|/home/appuser/app/uploads/dc2ff47f-76eb-4504-8858-9e9922dcd7be.pdf||general system theory; biology; science; organization; wholeness|English|True|ludwig-von-bertalanfy-general-system-theory-a-new-approach.pdf|1931|Wayne State University Press||Human biology.|api_v2
An-Intro-to-MAHD-Ebook-Final-7_25_18.pdf|c452b338-9a25-470a-8cd0-d53b54d4e755|Yes|This e-book introduces the Modified Agile for Hardware Development (MAHD) Framework, explaining the differences between hardware and software Agile methods and highlighting the framework's unique elements. It provides tips on getting started with MAHD and addresses whether Agile is suitable for hardware development.|Simpson; Hinkle|Dorian Simpson; Gary Hinkle|e-book||llm_analysis|/home/appuser/app/uploads/6ee490bb-58df-46cc-bffb-b668b6cc99d8.pdf|Simpson, D. and Hinkle, G. (YYYY). *An Introduction to MAHD TM Modified Agile for Hardware Development Framework The Benefits of Agile, the Needs of Physical Product Development*. MAHD Framework LLC.|Agile; hardware development; MAHD Framework; modified agile; hardware; Scrum|English|True|An-Intro-to-MAHD-Ebook-Final-7_25_18.pdf||MAHD Framework LLC||An Introduction to MAHD TM Modified Agile for Hardware Development Framework The Benefits of Agile, the Needs of Physical Product Development|api_v2
AgileNPD_01_21.pdf|16db5d83-9e75-414b-ab3f-e014f17202b4|Yes|This research aims to bridge the gap between academic literature and industry practice regarding cross-industry implementations of Agile practices in new product development. The study expands the body of knowledge on the current state of Agile in new product development for not-purely-software projects and conceptualizes the differences in interpretation.|Gerdes; Phaal; Lynch|Linus Gerdes; Dr. Rob Phaal; Dr. Valerie Lynch|working paper||llm_analysis|/home/appuser/app/uploads/e1478d31-e687-486d-943b-45a362c71161.pdf|Gerdes, L., Phaal, R. & Lynch, V. (2021) ‘Agile New Product Development in Not-PurelySoftware Projects’, Centre for Technology Management working paper series, No. 1.|Agile; New Product Development; Manufacturing; Software; Cross-industry; Project Governance; Prototyping|English|True|AgileNPD_01_21.pdf|2021-03|Centre for Technology Management||Agile New Product Development in Not-PurelySoftware Projects|api_v2
Agile Development of Physical Products.pdf|a8d9cee0-2320-4a69-9997-dbfa86f344ff|Yes|An Empirical Study about Motivations, Potentials and Applicability|Schmidt; Weiss; Paetzold|Tobias Sebastian Schmidt; Stefan Weiss; Kristin Paetzold|Report||llm_analysis|/home/appuser/app/uploads/7e42379e-c16a-477f-b429-c41cad2c9348.pdf|Schmidt, T. S., Weiss, S., & Paetzold, K. (2018). Agile Development of Physical Products: An Empirical Study about Motivations, Potentials and Applicability. Universität der Bundeswehr München.|agile development; physical products; empirical study; motivations; applicability|English|True|Agile Development of Physical Products.pdf|2018|Universität der Bundeswehr München|www.unibw.de/produktentwicklung-en|Agile Development of Physical Products: An Empirical Study about Motivations, Potentials and Applicability|api_v2
Doing Agile Right_ Transformation Without Chaos -- Steven H_ Berez; Sarah Elk; Darrell K_ Rigby -- 2020 -- Harvard Business Review Press -- 1633698718 -- b886eaa59424973cf9cfd6d3.pdf|1edc5b36-36e4-4386-b313-8685e693f23a|Yes||||||llm_analysis|/home/appuser/app/uploads/a35122fa-b349-40b7-9450-47e83a7cbc49.pdf||Agile; Leadership; Planning; Organization; Processes; Technology||True|Doing Agile Right_ Transformation Without Chaos -- Steven H_ Berez; Sarah Elk; Darrell K_ Rigby -- 2020 -- Harvard Business Review Press -- 1633698718 -- b886eaa59424973cf9cfd6d3.pdf||||The Unbalanced Company|api_v2
